Body Mass (g),Clutch Completion,Comments,Culmen Depth (mm),Culmen Length (mm),Date Egg,Delta 13 C (o/oo),Delta 15 N (o/oo),Flipper Length (mm),Individual ID,Island,Region,Sample Number,Sex,Species,Stage,studyName
4200.0,No,,13.9,45.5,11/9/08,-26.61788,8.47829,210.0,N11A1,Biscoe,Anvers,47,FEMALE,Gentoo,"Adult, 1 Egg Stage",PAL0809
4650.0,No,,13.7,40.9,11/27/07,-25.3933,8.19579,214.0,N36A1,Biscoe,Anvers,11,FEMALE,Gentoo,"Adult, 1 Egg Stage",PAL0708
5300.0,Yes,,14.2,51.3,11/20/09,-26.3433,8.15426,218.0,N13A2,Biscoe,Anvers,88,MALE,Gentoo,"Adult, 1 Egg Stage",PAL0910
5650.0,Yes,,15.0,47.8,11/29/07,-25.48383,7.92358,215.0,N46A2,Biscoe,Anvers,28,MALE,Gentoo,"Adult, 1 Egg Stage",PAL0708
5050.0,Yes,,15.8,46.3,11/27/07,-25.38157,7.90971,215.0,N42A2,Biscoe,Anvers,24,MALE,Gentoo,"Adult, 1 Egg Stage",PAL0708
4650.0,No,Nest never observed with full clutch. Not enough blood for isotopes.,19.1,39.8,11/13/07,,,184.0,N25A2,Dream,Anvers,40,MALE,Adelie,"Adult, 1 Egg Stage",PAL0708
3900.0,Yes,,17.5,41.1,11/13/09,-26.06943,8.94365,190.0,N77A2,Dream,Anvers,136,MALE,Adelie,"Adult, 1 Egg Stage",PAL0910
3800.0,No,,19.0,49.5,11/25/08,-24.34684,9.63074,200.0,N61A2,Dream,Anvers,28,MALE,Chinstrap,"Adult, 1 Egg Stage",PAL0809
3700.0,Yes,,18.6,41.4,11/9/08,-26.27853,8.35396,191.0,N23A2,Biscoe,Anvers,56,MALE,Adelie,"Adult, 1 Egg Stage",PAL0809
3725.0,Yes,,17.0,40.7,11/16/09,-25.79529,9.05674,190.0,N81A2,Dream,Anvers,144,MALE,Adelie,"Adult, 1 Egg Stage",PAL0910
3150.0,No,Nest never observed with full clutch.,18.6,37.9,11/10/07,-25.19837,8.38404,172.0,N18A1,Biscoe,Anvers,29,FEMALE,Adelie,"Adult, 1 Egg Stage",PAL0708
3700.0,Yes,,17.1,36.0,11/17/09,-26.07081,8.93465,187.0,N85A1,Dream,Anvers,151,FEMALE,Adelie,"Adult, 1 Egg Stage",PAL0910
5550.0,Yes,,15.0,50.7,11/13/08,-26.74249,8.63551,223.0,N53A2,Biscoe,Anvers,70,MALE,Gentoo,"Adult, 1 Egg Stage",PAL0809
3250.0,Yes,,18.7,51.5,11/23/09,-24.43062,9.6895,187.0,N88A1,Dream,Anvers,49,MALE,Chinstrap,"Adult, 1 Egg Stage",PAL0910
6050.0,Yes,,17.0,59.6,12/3/07,-25.6821,7.76843,230.0,N56A2,Biscoe,Anvers,34,MALE,Gentoo,"Adult, 1 Egg Stage",PAL0708
2850.0,Yes,,17.1,36.4,11/13/08,-26.1165,8.62623,184.0,N29A1,Biscoe,Anvers,65,FEMALE,Adelie,"Adult, 1 Egg Stage",PAL0809
5700.0,No,,16.0,49.6,11/4/08,-26.84272,8.38324,225.0,N6A2,Biscoe,Anvers,42,MALE,Gentoo,"Adult, 1 Egg Stage",PAL0809
4400.0,Yes,,13.9,45.7,11/13/08,-26.60484,8.6287,214.0,N19A1,Biscoe,Anvers,63,FEMALE,Gentoo,"Adult, 1 Egg Stage",PAL0809
3550.0,Yes,,18.0,35.7,11/14/08,-26.05621,8.46531,202.0,N45A1,Dream,Anvers,91,FEMALE,Adelie,"Adult, 1 Egg Stage",PAL0809
4750.0,Yes,,15.0,47.7,11/3/08,-26.72751,8.53018,216.0,N54A1,Biscoe,Anvers,71,FEMALE,Gentoo,"Adult, 1 Egg Stage",PAL0809
4700.0,Yes,,17.6,42.9,11/2/08,-26.23027,8.63259,196.0,N39A2,Torgersen,Anvers,82,MALE,Adelie,"Adult, 1 Egg Stage",PAL0809
5150.0,Yes,,15.4,46.8,11/27/07,-25.38017,8.1631,215.0,N35A2,Biscoe,Anvers,10,MALE,Gentoo,"Adult, 1 Egg Stage",PAL0708
6300.0,Yes,,15.2,49.2,11/27/07,-25.00169,8.27376,221.0,N39A2,Biscoe,Anvers,18,MALE,Gentoo,"Adult, 1 Egg Stage",PAL0708
4925.0,Yes,,15.8,49.4,11/18/09,-26.06594,8.03624,216.0,N20A1,Biscoe,Anvers,97,MALE,Gentoo,"Adult, 1 Egg Stage",PAL0910
3625.0,No,Nest never observed with full clutch.,17.8,38.9,11/15/07,-25.21799,9.18718,181.0,N4A1,Torgersen,Anvers,7,FEMALE,Adelie,"Adult, 1 Egg Stage",PAL0708
3450.0,Yes,,17.0,40.2,11/16/09,-25.61039,9.30722,176.0,N67A1,Torgersen,Anvers,123,FEMALE,Adelie,"Adult, 1 Egg Stage",PAL0910
3500.0,Yes,,17.7,39.6,11/6/08,-26.12989,8.46616,186.0,N21A1,Biscoe,Anvers,51,FEMALE,Adelie,"Adult, 1 Egg Stage",PAL0809
2975.0,Yes,Sexing primers did not amplify. Not enough blood for isotopes.,18.9,37.5,11/13/07,,,179.0,N29A2,Dream,Anvers,48,,Adelie,"Adult, 1 Egg Stage",PAL0708
3475.0,Yes,,18.4,36.6,11/13/09,-25.8306,8.68744,184.0,N83A2,Dream,Anvers,148,FEMALE,Adelie,"Adult, 1 Egg Stage",PAL0910
3900.0,Yes,,18.9,40.9,11/9/07,-25.14591,8.79665,184.0,N22A2,Dream,Anvers,34,MALE,Adelie,"Adult, 1 Egg Stage",PAL0708
4700.0,Yes,,15.0,46.4,11/6/08,-26.9547,8.47938,216.0,N56A1,Biscoe,Anvers,75,FEMALE,Gentoo,"Adult, 1 Egg Stage",PAL0809
5700.0,Yes,,14.3,50.2,11/27/07,-25.37746,7.8962,218.0,N41A1,Biscoe,Anvers,21,MALE,Gentoo,"Adult, 1 Egg Stage",PAL0708
3675.0,Yes,,17.3,49.8,11/23/09,-24.41562,9.32169,198.0,N88A2,Dream,Anvers,50,FEMALE,Chinstrap,"Adult, 1 Egg Stage",PAL0910
3450.0,Yes,,19.0,38.7,11/12/07,-25.06691,9.18528,195.0,N9A1,Torgersen,Anvers,17,FEMALE,Adelie,"Adult, 1 Egg Stage",PAL0708
5400.0,Yes,,17.1,52.2,11/25/09,-25.89834,8.36701,228.0,N15A2,Biscoe,Anvers,92,MALE,Gentoo,"Adult, 1 Egg Stage",PAL0910
3150.0,Yes,,18.0,36.5,11/16/07,-24.4228,9.68933,182.0,N26A1,Dream,Anvers,41,FEMALE,Adelie,"Adult, 1 Egg Stage",PAL0708
4200.0,Yes,,21.5,46.0,11/16/07,-24.77227,9.11616,194.0,N10A2,Torgersen,Anvers,20,MALE,Adelie,"Adult, 1 Egg Stage",PAL0708
5200.0,Yes,,14.8,46.5,11/9/08,-26.5929,8.58487,217.0,N55A2,Biscoe,Anvers,74,FEMALE,Gentoo,"Adult, 1 Egg Stage",PAL0809
4625.0,Yes,,14.5,49.1,11/18/09,-26.2766,8.35802,212.0,N1A1,Biscoe,Anvers,81,FEMALE,Gentoo,"Adult, 1 Egg Stage",PAL0910
3600.0,Yes,,17.3,45.7,11/23/09,-24.805,9.415,193.0,N92A1,Dream,Anvers,53,FEMALE,Chinstrap,"Adult, 1 Egg Stage",PAL0910
4500.0,No,,19.9,53.5,11/24/08,-24.90816,10.02544,205.0,N72A2,Dream,Anvers,40,MALE,Chinstrap,"Adult, 1 Egg Stage",PAL0809
3200.0,Yes,Not enough blood for isotopes.,17.6,41.1,11/15/07,,,182.0,N7A1,Torgersen,Anvers,13,FEMALE,Adelie,"Adult, 1 Egg Stage",PAL0708
2925.0,Yes,,18.6,37.9,11/15/09,-25.86482,9.02642,193.0,N51A1,Biscoe,Anvers,105,FEMALE,Adelie,"Adult, 1 Egg Stage",PAL0910
3400.0,No,,18.1,43.5,11/21/09,-24.40753,9.37608,202.0,N99A1,Dream,Anvers,65,FEMALE,Chinstrap,"Adult, 1 Egg Stage",PAL0910
3550.0,Yes,,18.9,39.7,11/15/09,-25.80208,8.85699,184.0,N51A2,Biscoe,Anvers,106,MALE,Adelie,"Adult, 1 Egg Stage",PAL0910
3850.0,Yes,,18.3,47.6,11/14/08,-24.65859,8.83502,195.0,N69A1,Dream,Anvers,37,FEMALE,Chinstrap,"Adult, 1 Egg Stage",PAL0809
3800.0,No,,19.4,50.6,11/28/07,-24.97134,9.28153,193.0,N85A2,Dream,Anvers,24,MALE,Chinstrap,"Adult, 1 Egg Stage",PAL0708
3050.0,Yes,,15.9,35.2,11/18/09,-25.95399,8.81668,186.0,N69A1,Torgersen,Anvers,125,FEMALE,Adelie,"Adult, 1 Egg Stage",PAL0910
3775.0,Yes,,20.3,51.7,11/28/07,-24.38751,8.68747,194.0,N68A2,Dream,Anvers,12,MALE,Chinstrap,"Adult, 1 Egg Stage",PAL0708
4700.0,Yes,,14.7,41.7,11/10/09,-26.44815,8.12311,210.0,N28A1,Biscoe,Anvers,107,FEMALE,Gentoo,"Adult, 1 Egg Stage",PAL0910
4050.0,Yes,,19.9,49.3,11/21/09,-24.59513,9.88809,203.0,N94A2,Dream,Anvers,58,MALE,Chinstrap,"Adult, 1 Egg Stage",PAL0910
4375.0,Yes,,14.1,46.2,11/25/09,-25.96013,8.30231,217.0,N35A1,Biscoe,Anvers,115,FEMALE,Gentoo,"Adult, 1 Egg Stage",PAL0910
4650.0,Yes,,13.7,45.5,11/29/07,-25.4168,7.77672,214.0,N37A1,Biscoe,Anvers,13,FEMALE,Gentoo,"Adult, 1 Egg Stage",PAL0708
4000.0,Yes,,19.8,55.8,11/19/09,-24.53494,9.70465,207.0,N98A2,Dream,Anvers,64,MALE,Chinstrap,"Adult, 1 Egg Stage",PAL0910
3350.0,Yes,,17.3,42.5,11/27/09,-24.60882,9.56534,187.0,N93A1,Dream,Anvers,55,FEMALE,Chinstrap,"Adult, 1 Egg Stage",PAL0910
3500.0,No,,17.9,46.5,11/19/07,-24.30229,9.03935,192.0,N61A1,Dream,Anvers,1,FEMALE,Chinstrap,"Adult, 1 Egg Stage",PAL0708
3500.0,No,Nest never observed with full clutch.,19.2,43.1,11/23/09,-26.1396,8.86495,197.0,N73A2,Torgersen,Anvers,132,MALE,Adelie,"Adult, 1 Egg Stage",PAL0910
5500.0,Yes,,16.3,51.5,11/27/09,-25.76147,8.78557,230.0,N34A2,Biscoe,Anvers,114,MALE,Gentoo,"Adult, 1 Egg Stage",PAL0910
3650.0,Yes,,18.7,39.0,11/16/09,-26.03442,9.22033,185.0,N82A2,Dream,Anvers,146,MALE,Adelie,"Adult, 1 Egg Stage",PAL0910
4400.0,Yes,,21.1,34.6,11/16/07,-25.22588,8.55583,198.0,N8A1,Torgersen,Anvers,15,MALE,Adelie,"Adult, 1 Egg Stage",PAL0708
4250.0,Yes,,18.6,39.2,11/13/09,-25.79549,9.11006,190.0,N83A1,Dream,Anvers,147,MALE,Adelie,"Adult, 1 Egg Stage",PAL0910
4100.0,Yes,,18.8,51.0,11/24/08,-24.17282,9.23196,203.0,N65A2,Dream,Anvers,34,MALE,Chinstrap,"Adult, 1 Egg Stage",PAL0809
3800.0,Yes,,18.9,35.3,11/10/07,-24.3613,9.21292,187.0,N13A2,Biscoe,Anvers,26,FEMALE,Adelie,"Adult, 1 Egg Stage",PAL0708
4150.0,Yes,,13.5,42.0,11/27/07,-25.52627,7.63884,210.0,N39A1,Biscoe,Anvers,17,FEMALE,Gentoo,"Adult, 1 Egg Stage",PAL0708
3475.0,Yes,,17.2,40.6,11/14/09,-26.01549,9.23408,187.0,N80A2,Dream,Anvers,142,MALE,Adelie,"Adult, 1 Egg Stage",PAL0910
3900.0,Yes,,16.8,47.5,11/25/08,-25.1455,9.07825,199.0,N67A2,Dream,Anvers,36,FEMALE,Chinstrap,"Adult, 1 Egg Stage",PAL0809
4300.0,Yes,,13.7,45.3,11/4/08,-26.72791,8.37615,210.0,N7A1,Biscoe,Anvers,43,FEMALE,Gentoo,"Adult, 1 Egg Stage",PAL0809
4300.0,Yes,,18.1,41.1,11/14/08,-25.83352,8.77018,205.0,N45A2,Dream,Anvers,92,MALE,Adelie,"Adult, 1 Egg Stage",PAL0809
4100.0,Yes,,19.1,41.1,11/6/08,-25.81012,8.71078,188.0,N30A2,Biscoe,Anvers,68,MALE,Adelie,"Adult, 1 Egg Stage",PAL0809
5400.0,Yes,,16.3,48.4,11/13/08,-26.86127,8.03659,220.0,N2A2,Biscoe,Anvers,36,MALE,Gentoo,"Adult, 1 Egg Stage",PAL0809
4300.0,Yes,,20.8,54.2,11/24/08,-24.59996,9.49283,201.0,N63A2,Dream,Anvers,32,MALE,Chinstrap,"Adult, 1 Egg Stage",PAL0809
3750.0,Yes,,19.1,37.6,11/15/08,-25.89677,9.108,194.0,N25A2,Biscoe,Anvers,60,MALE,Adelie,"Adult, 1 Egg Stage",PAL0809
3900.0,Yes,,19.4,37.2,11/6/08,-26.44787,8.3554,184.0,N37A2,Torgersen,Anvers,78,MALE,Adelie,"Adult, 1 Egg Stage",PAL0809
3600.0,Yes,,17.3,42.4,12/3/07,-24.6879,9.35138,181.0,N73A1,Dream,Anvers,21,FEMALE,Chinstrap,"Adult, 1 Egg Stage",PAL0708
4150.0,No,,19.0,52.0,11/28/07,-24.47142,9.36799,197.0,N89A2,Dream,Anvers,26,MALE,Chinstrap,"Adult, 1 Egg Stage",PAL0708
4050.0,Yes,,19.7,50.7,11/23/09,-24.59066,9.93727,203.0,N92A2,Dream,Anvers,54,MALE,Chinstrap,"Adult, 1 Egg Stage",PAL0910
4000.0,Yes,,19.1,42.1,11/9/08,-25.81513,9.05736,195.0,N38A2,Torgersen,Anvers,80,MALE,Adelie,"Adult, 1 Egg Stage",PAL0809
3300.0,No,,17.9,46.7,11/28/07,-24.59467,9.74144,195.0,N89A1,Dream,Anvers,25,FEMALE,Chinstrap,"Adult, 1 Egg Stage",PAL0708
3800.0,Yes,,18.8,50.2,11/21/09,-24.404,9.74492,202.0,N95A1,Dream,Anvers,59,MALE,Chinstrap,"Adult, 1 Egg Stage",PAL0910
3900.0,Yes,,20.7,39.6,11/17/09,-26.78958,8.80967,191.0,N61A1,Biscoe,Anvers,115,FEMALE,Adelie,"Adult, 1 Egg Stage",PAL0910
3825.0,Yes,,16.5,38.1,11/12/09,-26.57563,8.43951,198.0,N58A1,Biscoe,Anvers,111,FEMALE,Adelie,"Adult, 1 Egg Stage",PAL0910
3325.0,Yes,,18.4,34.4,11/16/07,-25.23319,8.47827,184.0,N10A1,Torgersen,Anvers,19,FEMALE,Adelie,"Adult, 1 Egg Stage",PAL0708
3650.0,Yes,,20.6,39.3,11/16/07,-25.29805,8.66496,190.0,N3A2,Torgersen,Anvers,6,MALE,Adelie,"Adult, 1 Egg Stage",PAL0708
5600.0,Yes,,17.3,50.8,11/22/09,-26.30019,8.27428,228.0,N8A2,Biscoe,Anvers,86,MALE,Gentoo,"Adult, 1 Egg Stage",PAL0910
4900.0,Yes,,13.9,43.6,11/3/08,-26.7765,8.27141,217.0,N8A2,Biscoe,Anvers,46,FEMALE,Gentoo,"Adult, 1 Egg Stage",PAL0809
5850.0,Yes,,14.6,48.4,11/29/07,-25.48025,7.8208,213.0,N37A2,Biscoe,Anvers,14,MALE,Gentoo,"Adult, 1 Egg Stage",PAL0708
3200.0,Yes,,17.9,40.5,11/12/07,-25.49448,8.08138,187.0,N17A2,Biscoe,Anvers,28,FEMALE,Adelie,"Adult, 1 Egg Stage",PAL0708
3325.0,Yes,,17.0,36.4,11/16/07,-25.23061,9.17847,195.0,N23A1,Dream,Anvers,35,FEMALE,Adelie,"Adult, 1 Egg Stage",PAL0708
3300.0,Yes,,17.3,36.2,11/17/08,-26.30037,8.90723,187.0,N48A1,Dream,Anvers,95,FEMALE,Adelie,"Adult, 1 Egg Stage",PAL0809
3550.0,Yes,,18.6,40.6,11/12/07,-25.36288,8.93997,183.0,N17A1,Biscoe,Anvers,27,MALE,Adelie,"Adult, 1 Egg Stage",PAL0708
5850.0,Yes,,15.7,49.3,12/3/07,-25.52473,8.07137,217.0,N38A2,Biscoe,Anvers,16,MALE,Gentoo,"Adult, 1 Egg Stage",PAL0708
4600.0,Yes,,14.4,43.4,11/20/09,-26.18599,8.23468,218.0,N13A1,Biscoe,Anvers,87,FEMALE,Gentoo,"Adult, 1 Egg Stage",PAL0910
3400.0,Yes,,17.9,50.1,11/27/09,-24.45721,9.46819,190.0,N87A1,Dream,Anvers,47,FEMALE,Chinstrap,"Adult, 1 Egg Stage",PAL0910
4950.0,Yes,,13.7,42.6,11/2/08,-26.70968,7.96935,213.0,N4A1,Biscoe,Anvers,37,FEMALE,Gentoo,"Adult, 1 Egg Stage",PAL0809
3450.0,Yes,,17.9,36.0,11/13/07,-25.07683,9.51784,190.0,N30A1,Dream,Anvers,49,FEMALE,Adelie,"Adult, 1 Egg Stage",PAL0708
4650.0,Yes,,14.4,46.2,11/9/08,-26.8154,8.24253,214.0,N51A1,Biscoe,Anvers,67,,Gentoo,"Adult, 1 Egg Stage",PAL0809
5350.0,Yes,,15.1,48.7,11/27/07,-25.39587,7.96491,222.0,N40A2,Biscoe,Anvers,20,MALE,Gentoo,"Adult, 1 Egg Stage",PAL0708
4725.0,Yes,,14.6,47.4,11/15/09,-26.24369,8.19101,212.0,N6A1,Biscoe,Anvers,83,FEMALE,Gentoo,"Adult, 1 Egg Stage",PAL0910
5150.0,Yes,,14.8,49.1,11/13/08,-26.63405,7.89744,220.0,N2A1,Biscoe,Anvers,35,FEMALE,Gentoo,"Adult, 1 Egg Stage",PAL0809
2850.0,Yes,,16.6,36.5,11/15/08,-25.88156,9.07878,181.0,N25A1,Biscoe,Anvers,59,FEMALE,Adelie,"Adult, 1 Egg Stage",PAL0809
3950.0,Yes,,20.0,38.8,11/16/07,-25.12255,9.18985,190.0,N24A1,Dream,Anvers,37,MALE,Adelie,"Adult, 1 Egg Stage",PAL0708
5200.0,Yes,,15.3,46.7,11/27/07,-25.4276,8.22673,219.0,N34A2,Biscoe,Anvers,8,MALE,Gentoo,"Adult, 1 Egg Stage",PAL0708
3950.0,Yes,,18.0,41.6,11/13/08,-26.09294,8.85562,192.0,N29A2,Biscoe,Anvers,66,MALE,Adelie,"Adult, 1 Egg Stage",PAL0809
3650.0,Yes,,19.2,51.3,11/26/07,-24.7557,9.29078,193.0,N62A1,Dream,Anvers,3,MALE,Chinstrap,"Adult, 1 Egg Stage",PAL0708
3800.0,Yes,Not enough blood for isotopes.,21.2,38.6,11/15/07,,,191.0,N7A2,Torgersen,Anvers,14,MALE,Adelie,"Adult, 1 Egg Stage",PAL0708
3950.0,No,,13.7,42.7,11/4/08,-26.59467,8.14567,208.0,N6A1,Biscoe,Anvers,41,FEMALE,Gentoo,"Adult, 1 Egg Stage",PAL0809
5550.0,Yes,,15.3,50.4,11/6/08,-26.79846,8.74647,224.0,N17A2,Biscoe,Anvers,60,MALE,Gentoo,"Adult, 1 Egg Stage",PAL0809
3975.0,Yes,,20.1,40.2,11/16/09,-26.32601,8.95998,200.0,N78A2,Dream,Anvers,138,MALE,Adelie,"Adult, 1 Egg Stage",PAL0910
4150.0,Yes,,21.1,39.2,11/16/07,-25.03469,9.15308,196.0,N23A2,Dream,Anvers,36,MALE,Adelie,"Adult, 1 Egg Stage",PAL0708
3950.0,Yes,,19.5,49.0,11/24/08,-24.66867,9.53262,210.0,N74A1,Dream,Anvers,41,MALE,Chinstrap,"Adult, 1 Egg Stage",PAL0809
3700.0,Yes,Not enough blood for isotopes.,17.8,36.6,11/16/07,,,185.0,N8A2,Torgersen,Anvers,16,FEMALE,Adelie,"Adult, 1 Egg Stage",PAL0708
3300.0,No,,20.0,50.3,11/30/07,-24.54704,10.02019,197.0,N71A1,Dream,Anvers,17,MALE,Chinstrap,"Adult, 1 Egg Stage",PAL0708
3600.0,Yes,,17.0,37.6,11/13/08,-26.21569,8.58063,185.0,N28A1,Biscoe,Anvers,63,FEMALE,Adelie,"Adult, 1 Egg Stage",PAL0809
3650.0,Yes,,16.5,46.8,11/27/09,-24.48153,9.65061,189.0,N96A2,Dream,Anvers,62,FEMALE,Chinstrap,"Adult, 1 Egg Stage",PAL0910
4550.0,Yes,,20.0,52.8,11/14/08,-24.69638,9.25177,205.0,N62A2,Dream,Anvers,30,MALE,Chinstrap,"Adult, 1 Egg Stage",PAL0809
4575.0,Yes,,14.0,43.3,11/9/09,-26.38092,8.4207,208.0,N29A1,Biscoe,Anvers,109,FEMALE,Gentoo,"Adult, 1 Egg Stage",PAL0910
3425.0,Yes,,17.6,38.1,11/13/09,-25.77951,8.717,187.0,N77A1,Dream,Anvers,135,FEMALE,Adelie,"Adult, 1 Egg Stage",PAL0910
3250.0,Yes,,18.2,46.1,11/28/07,-24.55644,8.85664,178.0,N66A1,Dream,Anvers,7,FEMALE,Chinstrap,"Adult, 1 Egg Stage",PAL0708
5000.0,Yes,,15.0,45.5,11/3/08,-26.7489,8.63604,220.0,N16A2,Biscoe,Anvers,58,MALE,Gentoo,"Adult, 1 Egg Stage",PAL0809
3450.0,Yes,,18.6,46.4,11/30/07,-24.64162,9.32105,190.0,N72A1,Dream,Anvers,19,FEMALE,Chinstrap,"Adult, 1 Egg Stage",PAL0708
4750.0,Yes,,14.5,45.5,12/1/09,-26.22848,8.15566,212.0,N18A1,Biscoe,Anvers,93,FEMALE,Gentoo,"Adult, 1 Egg Stage",PAL0910
3500.0,Yes,,18.6,36.9,11/8/08,-26.08165,8.59147,189.0,N42A2,Dream,Anvers,88,FEMALE,Adelie,"Adult, 1 Egg Stage",PAL0809
3300.0,Yes,,17.8,39.5,11/9/07,-25.0602,9.66523,188.0,N22A1,Dream,Anvers,33,FEMALE,Adelie,"Adult, 1 Egg Stage",PAL0708
5850.0,Yes,,16.0,55.1,11/25/09,-26.18161,8.08354,230.0,N35A2,Biscoe,Anvers,116,MALE,Gentoo,"Adult, 1 Egg Stage",PAL0910
5550.0,No,,16.1,49.0,11/27/07,-25.50562,8.10417,216.0,N36A2,Biscoe,Anvers,12,MALE,Gentoo,"Adult, 1 Egg Stage",PAL0708
4150.0,Yes,,18.9,46.0,11/21/07,-24.29229,8.47173,195.0,N67A1,Dream,Anvers,9,FEMALE,Chinstrap,"Adult, 1 Egg Stage",PAL0708
5450.0,Yes,,15.6,52.5,11/18/09,-26.27573,8.28601,221.0,N1A2,Biscoe,Anvers,82,MALE,Gentoo,"Adult, 1 Egg Stage",PAL0910
4150.0,Yes,,21.2,42.3,11/13/07,-25.18543,8.87988,191.0,N30A2,Dream,Anvers,50,MALE,Adelie,"Adult, 1 Egg Stage",PAL0708
5700.0,Yes,,16.3,50.0,11/27/07,-25.39369,8.14756,230.0,N31A2,Biscoe,Anvers,2,MALE,Gentoo,"Adult, 1 Egg Stage",PAL0708
3700.0,Yes,,16.8,40.9,11/6/08,-26.02002,8.47257,191.0,N37A1,Torgersen,Anvers,77,FEMALE,Adelie,"Adult, 1 Egg Stage",PAL0809
3900.0,Yes,,18.1,37.2,11/9/07,-25.0102,9.72764,178.0,N21A2,Dream,Anvers,32,MALE,Adelie,"Adult, 1 Egg Stage",PAL0708
5100.0,Yes,,15.1,46.1,11/29/07,-25.42826,7.83733,215.0,N44A2,Biscoe,Anvers,26,MALE,Gentoo,"Adult, 1 Egg Stage",PAL0708
4150.0,Yes,,18.9,45.8,11/11/08,-26.45978,8.18658,197.0,N35A2,Torgersen,Anvers,74,MALE,Adelie,"Adult, 1 Egg Stage",PAL0809
3400.0,Yes,,17.5,48.5,12/3/07,-24.26375,9.42666,191.0,N73A2,Dream,Anvers,22,MALE,Chinstrap,"Adult, 1 Egg Stage",PAL0708
3950.0,Yes,,19.2,38.3,11/8/08,-26.12417,9.07826,189.0,N44A1,Dream,Anvers,89,MALE,Adelie,"Adult, 1 Egg Stage",PAL0809
3700.0,Yes,,17.5,35.5,11/8/08,-26.15003,8.70642,190.0,N36A1,Torgersen,Anvers,75,FEMALE,Adelie,"Adult, 1 Egg Stage",PAL0809
5300.0,Yes,,14.1,48.5,11/4/08,-26.79358,8.39867,220.0,N13A2,Biscoe,Anvers,52,MALE,Gentoo,"Adult, 1 Egg Stage",PAL0809
3050.0,Yes,,17.1,39.0,11/18/09,-25.73722,9.19031,191.0,N72A1,Torgersen,Anvers,129,FEMALE,Adelie,"Adult, 1 Egg Stage",PAL0910
3600.0,Yes,,18.7,37.7,11/12/07,-25.0639,8.66271,180.0,N11A2,Biscoe,Anvers,22,MALE,Adelie,"Adult, 1 Egg Stage",PAL0708
4600.0,Yes,,18.8,39.6,11/16/07,-24.10255,9.49106,190.0,N28A2,Dream,Anvers,46,MALE,Adelie,"Adult, 1 Egg Stage",PAL0708
3250.0,Yes,,16.6,45.2,11/21/09,-24.78984,9.62357,191.0,N94A1,Dream,Anvers,57,FEMALE,Chinstrap,"Adult, 1 Egg Stage",PAL0910
3950.0,Yes,,19.5,51.9,11/27/09,-23.78767,,206.0,N96A1,Dream,Anvers,61,MALE,Chinstrap,"Adult, 1 Egg Stage",PAL0910
3550.0,Yes,,16.1,36.2,11/9/08,-26.51382,7.82381,187.0,N38A1,Torgersen,Anvers,79,FEMALE,Adelie,"Adult, 1 Egg Stage",PAL0809
5950.0,Yes,,16.4,45.2,11/9/08,-26.65931,8.19749,223.0,N60A2,Biscoe,Anvers,80,MALE,Gentoo,"Adult, 1 Egg Stage",PAL0809
3400.0,No,Nest never observed with full clutch.,16.5,37.0,11/16/09,-26.07021,8.61651,185.0,N79A1,Dream,Anvers,139,FEMALE,Adelie,"Adult, 1 Egg Stage",PAL0910
3900.0,No,,19.5,50.0,11/19/07,-24.23592,8.92069,196.0,N61A2,Dream,Anvers,2,MALE,Chinstrap,"Adult, 1 Egg Stage",PAL0708
5250.0,Yes,,15.3,47.3,11/29/07,,,222.0,N50A1,Biscoe,Anvers,31,MALE,Gentoo,"Adult, 1 Egg Stage",PAL0708
3450.0,Yes,,19.3,36.7,11/16/07,-25.32426,8.76651,193.0,N3A1,Torgersen,Anvers,5,FEMALE,Adelie,"Adult, 1 Egg Stage",PAL0708
4450.0,Yes,,14.5,43.2,11/6/08,-26.86485,8.48367,208.0,N17A1,Biscoe,Anvers,59,FEMALE,Gentoo,"Adult, 1 Egg Stage",PAL0809
6000.0,Yes,,16.3,51.1,11/6/08,-26.76821,8.40327,220.0,N58A2,Biscoe,Anvers,78,MALE,Gentoo,"Adult, 1 Egg Stage",PAL0809
4050.0,Yes,,19.6,50.5,11/22/07,-24.7294,9.8059,201.0,N70A2,Dream,Anvers,16,MALE,Chinstrap,"Adult, 1 Egg Stage",PAL0708
3950.0,No,Nest never observed with full clutch.,18.9,40.5,11/10/07,-25.11609,8.90027,180.0,N18A2,Biscoe,Anvers,30,MALE,Adelie,"Adult, 1 Egg Stage",PAL0708
3350.0,Yes,,17.8,37.3,11/17/08,-26.38396,8.32718,191.0,N41A1,Dream,Anvers,85,FEMALE,Adelie,"Adult, 1 Egg Stage",PAL0809
3150.0,No,Nest never observed with full clutch.,17.2,36.2,11/17/09,-26.19444,9.04296,187.0,N66A1,Torgersen,Anvers,121,FEMALE,Adelie,"Adult, 1 Egg Stage",PAL0910
3800.0,Yes,,17.8,46.6,11/28/07,-24.59897,8.95063,193.0,N68A1,Dream,Anvers,11,FEMALE,Chinstrap,"Adult, 1 Egg Stage",PAL0708
5400.0,No,,15.9,50.5,11/9/08,-26.57585,8.65803,225.0,N11A2,Biscoe,Anvers,48,MALE,Gentoo,"Adult, 1 Egg Stage",PAL0809
4725.0,Yes,,20.0,41.0,11/9/09,-26.38085,9.01079,203.0,N47A2,Biscoe,Anvers,102,MALE,Adelie,"Adult, 1 Egg Stage",PAL0910
3900.0,Yes,,18.4,39.7,11/14/08,-25.23453,9.29808,190.0,N34A2,Torgersen,Anvers,72,MALE,Adelie,"Adult, 1 Egg Stage",PAL0809
3200.0,Yes,,16.6,40.9,11/24/08,-24.54903,9.08458,187.0,N63A1,Dream,Anvers,31,FEMALE,Chinstrap,"Adult, 1 Egg Stage",PAL0809
4300.0,Yes,,18.3,41.5,11/21/09,-26.0245,8.52566,195.0,N71A2,Torgersen,Anvers,128,MALE,Adelie,"Adult, 1 Egg Stage",PAL0910
3050.0,Yes,,15.5,32.1,11/16/09,-26.61075,8.79787,188.0,N81A1,Dream,Anvers,143,FEMALE,Adelie,"Adult, 1 Egg Stage",PAL0910
3875.0,Yes,,18.5,41.4,11/16/09,-25.42621,9.59462,202.0,N67A2,Torgersen,Anvers,124,MALE,Adelie,"Adult, 1 Egg Stage",PAL0910
4600.0,Yes,,14.2,47.5,11/6/08,-26.78733,8.39299,209.0,N58A1,Biscoe,Anvers,77,FEMALE,Gentoo,"Adult, 1 Egg Stage",PAL0809
3700.0,Yes,,17.3,47.0,11/26/07,-24.80526,8.72037,185.0,N69A1,Dream,Anvers,13,FEMALE,Chinstrap,"Adult, 1 Egg Stage",PAL0708
3550.0,Yes,,19.1,50.9,11/14/08,-24.86594,10.02372,196.0,N75A1,Dream,Anvers,43,MALE,Chinstrap,"Adult, 1 Egg Stage",PAL0809
3300.0,Yes,No blood sample obtained for sexing.,17.1,37.8,11/9/07,-25.21315,8.63243,186.0,N6A1,Torgersen,Anvers,11,,Adelie,"Adult, 1 Egg Stage",PAL0708
4800.0,Yes,,14.6,45.4,11/27/07,-25.46782,8.24515,211.0,N34A1,Biscoe,Anvers,7,FEMALE,Gentoo,"Adult, 1 Egg Stage",PAL0708
3075.0,Yes,,16.0,37.7,11/15/09,-26.2253,9.2151,183.0,N49A1,Biscoe,Anvers,103,FEMALE,Adelie,"Adult, 1 Egg Stage",PAL0910
5000.0,Yes,,14.5,45.1,11/27/07,-25.46569,7.6322,215.0,N41A2,Biscoe,Anvers,22,FEMALE,Gentoo,"Adult, 1 Egg Stage",PAL0708
4350.0,Yes,,13.6,44.0,11/9/08,-26.68311,8.01979,208.0,N5A1,Biscoe,Anvers,39,FEMALE,Gentoo,"Adult, 1 Egg Stage",PAL0809
4050.0,Yes,,18.1,52.0,11/26/07,-24.38933,9.0233,201.0,N69A2,Dream,Anvers,14,MALE,Chinstrap,"Adult, 1 Egg Stage",PAL0708
2900.0,Yes,,18.1,34.5,11/9/08,-26.54718,8.41837,187.0,N23A1,Biscoe,Anvers,55,FEMALE,Adelie,"Adult, 1 Egg Stage",PAL0809
4450.0,Yes,,18.5,50.8,11/17/09,-24.35575,9.45827,201.0,N86A2,Dream,Anvers,46,MALE,Chinstrap,"Adult, 1 Egg Stage",PAL0910
3800.0,Yes,,19.2,35.9,11/12/07,-25.03474,9.22286,189.0,N12A1,Biscoe,Anvers,23,FEMALE,Adelie,"Adult, 1 Egg Stage",PAL0708
4500.0,Yes,,20.7,42.5,11/12/07,-25.13993,8.67538,197.0,N9A2,Torgersen,Anvers,18,MALE,Adelie,"Adult, 1 Egg Stage",PAL0708
3775.0,No,,18.2,49.6,11/21/09,-24.70615,9.4618,193.0,N99A2,Dream,Anvers,66,MALE,Chinstrap,"Adult, 1 Egg Stage",PAL0910
5000.0,Yes,,15.2,50.5,11/20/09,-26.18466,8.24691,216.0,N32A1,Biscoe,Anvers,111,FEMALE,Gentoo,"Adult, 1 Egg Stage",PAL0910
,No,,,,12/1/09,,,,N38A2,Biscoe,Anvers,120,,Gentoo,"Adult, 1 Egg Stage",PAL0910
4450.0,No,Nest never observed with full clutch.,19.4,41.8,11/11/08,-26.06209,8.86853,198.0,N32A2,Torgersen,Anvers,70,MALE,Adelie,"Adult, 1 Egg Stage",PAL0809
3500.0,No,Nest never observed with full clutch.,19.8,37.7,11/17/09,-26.42563,9.11066,198.0,N66A2,Torgersen,Anvers,122,MALE,Adelie,"Adult, 1 Egg Stage",PAL0910
4400.0,Yes,,18.2,49.2,11/30/07,-24.64335,9.27158,195.0,N72A2,Dream,Anvers,20,MALE,Chinstrap,"Adult, 1 Egg Stage",PAL0708
3500.0,Yes,,17.0,45.5,11/14/08,-24.66259,9.36493,196.0,N75A2,Dream,Anvers,44,FEMALE,Chinstrap,"Adult, 1 Egg Stage",PAL0809
3800.0,Yes,,19.5,36.3,11/8/08,-26.22227,8.57087,190.0,N42A1,Dream,Anvers,87,MALE,Adelie,"Adult, 1 Egg Stage",PAL0809
3725.0,Yes,,19.8,52.7,11/21/07,-24.61867,9.00642,197.0,N64A1,Dream,Anvers,5,MALE,Chinstrap,"Adult, 1 Egg Stage",PAL0708
3325.0,Yes,,16.4,48.1,11/21/09,-24.48403,9.46929,199.0,N90A1,Dream,Anvers,51,FEMALE,Chinstrap,"Adult, 1 Egg Stage",PAL0910
4600.0,Yes,,14.3,48.2,11/29/07,-25.50811,7.6887,210.0,N47A1,Biscoe,Anvers,29,FEMALE,Gentoo,"Adult, 1 Egg Stage",PAL0708
5500.0,Yes,,15.1,48.1,11/9/09,-26.22664,8.45738,209.0,N29A2,Biscoe,Anvers,110,MALE,Gentoo,"Adult, 1 Egg Stage",PAL0910
4300.0,Yes,,18.9,40.8,11/17/08,-26.57941,8.48204,208.0,N48A2,Dream,Anvers,96,MALE,Adelie,"Adult, 1 Egg Stage",PAL0809
5500.0,Yes,,16.1,46.8,12/1/09,-26.05756,8.32359,215.0,N24A2,Biscoe,Anvers,106,MALE,Gentoo,"Adult, 1 Egg Stage",PAL0910
4925.0,No,,13.7,47.2,12/1/09,-26.20538,7.99184,214.0,N38A1,Biscoe,Anvers,119,FEMALE,Gentoo,"Adult, 1 Egg Stage",PAL0910
4850.0,Yes,,14.7,44.5,11/27/09,-26.16524,8.20106,214.0,N19A1,Biscoe,Anvers,95,FEMALE,Gentoo,"Adult, 1 Egg Stage",PAL0910
5400.0,Yes,,16.1,49.9,11/22/09,-26.15531,8.3639,213.0,N43A2,Biscoe,Anvers,124,MALE,Gentoo,"Adult, 1 Egg Stage",PAL0910
3900.0,Yes,,20.0,38.2,11/15/09,-25.70711,9.59245,190.0,N53A2,Biscoe,Anvers,108,MALE,Adelie,"Adult, 1 Egg Stage",PAL0910
4400.0,Yes,,13.4,43.3,11/27/07,-25.32176,8.13643,209.0,N35A1,Biscoe,Anvers,9,FEMALE,Gentoo,"Adult, 1 Egg Stage",PAL0708
3900.0,Yes,Not enough blood for isotopes.,18.4,40.8,11/16/07,,,195.0,N26A2,Dream,Anvers,42,MALE,Adelie,"Adult, 1 Egg Stage",PAL0708
3800.0,Yes,,18.8,36.7,11/7/08,-26.24837,7.88494,187.0,N40A1,Torgersen,Anvers,83,FEMALE,Adelie,"Adult, 1 Egg Stage",PAL0809
5300.0,Yes,,15.8,45.2,11/2/08,-26.67799,8.55868,215.0,N12A2,Biscoe,Anvers,50,MALE,Gentoo,"Adult, 1 Egg Stage",PAL0809
4250.0,Yes,,20.0,37.8,11/15/09,-25.69199,9.51929,190.0,N49A2,Biscoe,Anvers,104,MALE,Adelie,"Adult, 1 Egg Stage",PAL0910
3750.0,Yes,Not enough blood for isotopes.,18.7,39.1,11/11/07,,,181.0,N1A1,Torgersen,Anvers,1,MALE,Adelie,"Adult, 1 Egg Stage",PAL0708
4875.0,Yes,,15.7,44.5,12/1/09,-26.18444,8.04111,217.0,N36A1,Biscoe,Anvers,117,.,Gentoo,"Adult, 1 Egg Stage",PAL0910
5300.0,Yes,,14.9,46.2,11/3/08,-26.84374,8.60092,221.0,N18A2,Biscoe,Anvers,62,MALE,Gentoo,"Adult, 1 Egg Stage",PAL0809
4750.0,Yes,,15.0,49.6,11/4/08,-26.7699,8.26548,216.0,N7A2,Biscoe,Anvers,44,MALE,Gentoo,"Adult, 1 Egg Stage",PAL0809
5700.0,Yes,,15.2,50.0,11/27/07,-25.40075,8.2554,218.0,N32A2,Biscoe,Anvers,4,MALE,Gentoo,"Adult, 1 Egg Stage",PAL0708
5050.0,Yes,,15.4,45.0,11/4/08,-26.75621,8.63488,220.0,N15A2,Biscoe,Anvers,56,MALE,Gentoo,"Adult, 1 Egg Stage",PAL0809
3575.0,Yes,,17.1,45.9,11/22/07,-24.90024,9.12277,190.0,N70A1,Dream,Anvers,15,FEMALE,Chinstrap,"Adult, 1 Egg Stage",PAL0708
4700.0,Yes,,14.2,45.8,11/4/08,-26.61601,8.60447,219.0,N20A1,Biscoe,Anvers,65,FEMALE,Gentoo,"Adult, 1 Egg Stage",PAL0809
3750.0,Yes,,17.2,38.6,11/15/09,-26.48973,8.77322,199.0,N53A1,Biscoe,Anvers,107,FEMALE,Adelie,"Adult, 1 Egg Stage",PAL0910
3450.0,Yes,,17.9,35.0,11/9/08,-26.17213,8.19539,190.0,N22A1,Biscoe,Anvers,53,FEMALE,Adelie,"Adult, 1 Egg Stage",PAL0809
3325.0,Yes,,18.6,41.1,11/22/09,-26.09989,9.32277,189.0,N64A2,Torgersen,Anvers,120,MALE,Adelie,"Adult, 1 Egg Stage",PAL0910
5700.0,Yes,,16.8,49.8,11/4/08,-26.69166,8.47067,230.0,N20A2,Biscoe,Anvers,66,MALE,Gentoo,"Adult, 1 Egg Stage",PAL0809
2900.0,Yes,,16.1,33.1,11/10/08,-26.15775,9.04218,178.0,N50A1,Dream,Anvers,99,FEMALE,Adelie,"Adult, 1 Egg Stage",PAL0809
4000.0,Yes,,18.0,44.1,11/18/09,-26.01363,9.10702,210.0,N72A2,Torgersen,Anvers,130,MALE,Adelie,"Adult, 1 Egg Stage",PAL0910
3950.0,Yes,,17.8,45.2,11/21/07,-24.49433,8.88942,198.0,N64A2,Dream,Anvers,6,FEMALE,Chinstrap,"Adult, 1 Egg Stage",PAL0708
5800.0,Yes,,16.2,49.5,11/9/08,-26.74809,8.49854,229.0,N51A2,Biscoe,Anvers,68,MALE,Gentoo,"Adult, 1 Egg Stage",PAL0809
5050.0,Yes,,14.5,45.1,12/3/07,-25.53768,7.97408,207.0,N56A1,Biscoe,Anvers,33,FEMALE,Gentoo,"Adult, 1 Egg Stage",PAL0708
4350.0,Yes,,18.5,40.3,11/8/08,-26.01152,8.39459,196.0,N49A2,Dream,Anvers,98,MALE,Adelie,"Adult, 1 Egg Stage",PAL0809
3475.0,Yes,No blood sample obtained.,18.1,34.1,11/9/07,,,193.0,N5A1,Torgersen,Anvers,9,,Adelie,"Adult, 1 Egg Stage",PAL0708
5250.0,Yes,,17.3,44.4,11/2/08,-26.79093,8.13746,219.0,N4A2,Biscoe,Anvers,38,MALE,Gentoo,"Adult, 1 Egg Stage",PAL0809
4100.0,Yes,,18.5,43.2,11/10/08,-26.03679,8.97025,192.0,N50A2,Dream,Anvers,100,MALE,Adelie,"Adult, 1 Egg Stage",PAL0809
4275.0,Yes,,19.5,42.2,11/15/09,-26.41218,8.80186,197.0,N60A2,Biscoe,Anvers,114,MALE,Adelie,"Adult, 1 Egg Stage",PAL0910
3700.0,No,,17.8,58.0,11/30/07,-24.57994,9.14382,181.0,N71A2,Dream,Anvers,18,FEMALE,Chinstrap,"Adult, 1 Egg Stage",PAL0708
4100.0,Yes,,14.3,44.5,11/29/07,-25.69327,7.96621,216.0,N46A1,Biscoe,Anvers,27,,Gentoo,"Adult, 1 Egg Stage",PAL0708
4875.0,Yes,,14.6,46.9,11/18/09,-26.04726,7.8881,222.0,N20A2,Biscoe,Anvers,98,FEMALE,Gentoo,"Adult, 1 Egg Stage",PAL0910
5650.0,Yes,,16.1,49.5,12/1/09,-25.69195,8.83352,224.0,N18A2,Biscoe,Anvers,94,MALE,Gentoo,"Adult, 1 Egg Stage",PAL0910
4200.0,Yes,,14.6,45.8,12/3/07,-25.62618,7.79958,210.0,N38A1,Biscoe,Anvers,15,FEMALE,Gentoo,"Adult, 1 Egg Stage",PAL0708
4750.0,Yes,,13.8,45.2,11/9/08,-26.65359,8.24694,215.0,N60A1,Biscoe,Anvers,79,FEMALE,Gentoo,"Adult, 1 Egg Stage",PAL0809
4300.0,Yes,,13.9,43.8,11/3/08,-26.84415,8.58319,208.0,N16A1,Biscoe,Anvers,57,FEMALE,Gentoo,"Adult, 1 Egg Stage",PAL0809
3350.0,Yes,,16.2,35.5,11/6/08,-25.95541,8.56192,195.0,N30A1,Biscoe,Anvers,67,FEMALE,Adelie,"Adult, 1 Egg Stage",PAL0809
4750.0,Yes,,13.8,44.9,11/22/09,-26.20372,8.11238,212.0,N8A1,Biscoe,Anvers,85,FEMALE,Gentoo,"Adult, 1 Egg Stage",PAL0910
4400.0,Yes,,14.4,45.1,11/4/08,-27.01854,8.51951,210.0,N14A1,Biscoe,Anvers,53,FEMALE,Gentoo,"Adult, 1 Egg Stage",PAL0809
3950.0,Yes,,18.1,38.2,11/12/07,-25.22664,8.43423,185.0,N12A2,Biscoe,Anvers,24,MALE,Adelie,"Adult, 1 Egg Stage",PAL0708
4050.0,Yes,,19.5,42.0,11/9/08,-26.3146,8.48095,200.0,N22A2,Biscoe,Anvers,54,MALE,Adelie,"Adult, 1 Egg Stage",PAL0809
3700.0,Yes,,19.9,51.3,11/21/07,-24.36088,8.79581,198.0,N67A2,Dream,Anvers,10,MALE,Chinstrap,"Adult, 1 Egg Stage",PAL0708
4000.0,Yes,,18.5,41.5,11/17/09,-26.06967,8.8964,201.0,N85A2,Dream,Anvers,152,MALE,Adelie,"Adult, 1 Egg Stage",PAL0910
5500.0,Yes,,15.0,49.1,11/18/09,-25.79203,8.65914,228.0,N23A2,Biscoe,Anvers,104,MALE,Gentoo,"Adult, 1 Egg Stage",PAL0910
3550.0,Yes,,17.5,39.0,11/15/08,-26.07188,8.57199,186.0,N24A1,Biscoe,Anvers,57,FEMALE,Adelie,"Adult, 1 Egg Stage",PAL0809
4475.0,Yes,,18.5,37.5,11/10/09,-26.49288,8.56708,199.0,N76A2,Dream,Anvers,134,MALE,Adelie,"Adult, 1 Egg Stage",PAL0910
3175.0,Yes,,17.5,35.6,11/16/09,-25.97696,8.75984,191.0,N78A1,Dream,Anvers,137,FEMALE,Adelie,"Adult, 1 Egg Stage",PAL0910
2900.0,Yes,,17.0,38.6,11/18/09,-25.77264,9.18021,188.0,N63A1,Torgersen,Anvers,117,FEMALE,Adelie,"Adult, 1 Egg Stage",PAL0910
5800.0,Yes,,16.0,48.6,11/6/08,-26.71199,8.5964,230.0,N56A2,Biscoe,Anvers,76,MALE,Gentoo,"Adult, 1 Egg Stage",PAL0809
,Yes,Adult not sampled.,,,11/16/07,,,,N2A2,Torgersen,Anvers,4,,Adelie,"Adult, 1 Egg Stage",PAL0708
3700.0,Yes,,17.8,46.4,11/14/08,-24.52896,9.37369,191.0,N62A1,Dream,Anvers,29,FEMALE,Chinstrap,"Adult, 1 Egg Stage",PAL0809
4700.0,Yes,,14.2,43.5,11/13/08,-26.68867,8.64931,220.0,N53A1,Biscoe,Anvers,69,FEMALE,Gentoo,"Adult, 1 Egg Stage",PAL0809
3400.0,No,,18.4,50.5,11/25/08,-23.89017,8.9399,200.0,N61A1,Dream,Anvers,27,FEMALE,Chinstrap,"Adult, 1 Egg Stage",PAL0809
3775.0,Yes,,20.5,37.3,11/18/09,-26.36678,9.49645,199.0,N63A2,Torgersen,Anvers,118,MALE,Adelie,"Adult, 1 Egg Stage",PAL0910
5950.0,Yes,,15.9,49.8,11/20/09,-26.21019,8.29226,229.0,N32A2,Biscoe,Anvers,112,MALE,Gentoo,"Adult, 1 Egg Stage",PAL0910
3150.0,Yes,,16.9,35.7,11/13/08,-26.40943,8.96472,185.0,N27A1,Biscoe,Anvers,61,FEMALE,Adelie,"Adult, 1 Egg Stage",PAL0809
3775.0,Yes,,18.7,50.2,11/21/09,-24.25255,9.39305,198.0,N100A2,Dream,Anvers,68,FEMALE,Chinstrap,"Adult, 1 Egg Stage",PAL0910
3675.0,Yes,,17.9,50.9,11/17/09,-24.16566,9.43684,196.0,N86A1,Dream,Anvers,45,FEMALE,Chinstrap,"Adult, 1 Egg Stage",PAL0910
4775.0,Yes,,19.0,43.2,11/20/09,-25.45171,9.31735,197.0,N55A2,Biscoe,Anvers,110,MALE,Adelie,"Adult, 1 Egg Stage",PAL0910
4300.0,Yes,,18.9,40.1,11/6/08,-26.55602,8.51362,188.0,N21A2,Biscoe,Anvers,52,MALE,Adelie,"Adult, 1 Egg Stage",PAL0809
3525.0,Yes,,18.7,45.4,11/26/07,-24.62717,8.64701,188.0,N62A2,Dream,Anvers,4,FEMALE,Chinstrap,"Adult, 1 Egg Stage",PAL0708
3950.0,Yes,,19.0,51.4,11/21/09,-24.36202,9.43782,201.0,N90A2,Dream,Anvers,52,MALE,Chinstrap,"Adult, 1 Egg Stage",PAL0910
3800.0,Yes,,17.4,39.5,11/11/07,-24.69454,8.94956,186.0,N1A2,Torgersen,Anvers,2,FEMALE,Adelie,"Adult, 1 Egg Stage",PAL0708
3350.0,Yes,,16.7,42.5,11/24/08,-24.45195,9.36668,187.0,N65A1,Dream,Anvers,33,FEMALE,Chinstrap,"Adult, 1 Egg Stage",PAL0809
4400.0,Yes,,14.5,46.5,11/27/07,-25.3947,7.90436,213.0,N42A1,Biscoe,Anvers,23,FEMALE,Gentoo,"Adult, 1 Egg Stage",PAL0708
2900.0,No,,16.6,43.2,11/28/07,-25.01185,9.35416,187.0,N85A1,Dream,Anvers,23,FEMALE,Chinstrap,"Adult, 1 Egg Stage",PAL0708
4400.0,Yes,,21.1,41.3,11/13/08,-26.37809,8.74802,195.0,N27A2,Biscoe,Anvers,62,MALE,Adelie,"Adult, 1 Egg Stage",PAL0809
3250.0,Yes,,16.7,39.5,11/9/07,-25.11223,9.69756,178.0,N21A1,Dream,Anvers,31,FEMALE,Adelie,"Adult, 1 Egg Stage",PAL0708
4650.0,Yes,,15.2,43.5,11/27/09,-26.11046,8.21634,213.0,N34A1,Biscoe,Anvers,113,FEMALE,Gentoo,"Adult, 1 Egg Stage",PAL0910
5200.0,Yes,,15.7,50.8,11/27/09,-26.11244,8.27102,226.0,N19A2,Biscoe,Anvers,96,MALE,Gentoo,"Adult, 1 Egg Stage",PAL0910
4100.0,Yes,,19.0,50.8,11/21/09,-24.68741,9.98044,210.0,N100A1,Dream,Anvers,67,MALE,Chinstrap,"Adult, 1 Egg Stage",PAL0910
5350.0,Yes,,15.9,50.0,11/15/09,-26.39677,8.20042,224.0,N6A2,Biscoe,Anvers,84,MALE,Gentoo,"Adult, 1 Egg Stage",PAL0910
4850.0,Yes,,15.0,48.5,11/22/09,-26.18763,8.10231,219.0,N22A1,Biscoe,Anvers,101,FEMALE,Gentoo,"Adult, 1 Egg Stage",PAL0910
3725.0,Yes,,17.9,35.0,11/9/09,-26.28055,8.84451,192.0,N47A1,Biscoe,Anvers,101,FEMALE,Adelie,"Adult, 1 Egg Stage",PAL0910
3500.0,Yes,,18.5,36.8,11/10/09,-25.57647,8.98705,193.0,N76A1,Dream,Anvers,133,FEMALE,Adelie,"Adult, 1 Egg Stage",PAL0910
3800.0,Yes,,17.2,38.8,11/10/07,-25.29856,9.63954,180.0,N13A1,Biscoe,Anvers,25,MALE,Adelie,"Adult, 1 Egg Stage",PAL0708
3175.0,Yes,,17.0,38.1,11/20/09,-25.27385,9.79532,181.0,N55A1,Biscoe,Anvers,109,FEMALE,Adelie,"Adult, 1 Egg Stage",PAL0910
3000.0,Yes,,16.9,37.0,11/16/07,-25.01745,9.36392,185.0,N28A1,Dream,Anvers,45,FEMALE,Adelie,"Adult, 1 Egg Stage",PAL0708
3525.0,Yes,,19.4,45.6,11/21/09,-24.65786,9.46985,194.0,N95A2,Dream,Anvers,60,FEMALE,Chinstrap,"Adult, 1 Egg Stage",PAL0910
3700.0,Yes,,18.6,38.1,11/8/08,-26.50086,8.10277,190.0,N49A1,Dream,Anvers,97,FEMALE,Adelie,"Adult, 1 Egg Stage",PAL0809
4600.0,Yes,,20.3,45.6,11/12/09,-26.32909,8.65466,191.0,N58A2,Biscoe,Anvers,112,MALE,Adelie,"Adult, 1 Egg Stage",PAL0910
3650.0,Yes,,17.5,46.2,11/24/08,-24.66188,9.61734,187.0,N74A2,Dream,Anvers,42,FEMALE,Chinstrap,"Adult, 1 Egg Stage",PAL0809
4850.0,Yes,,14.3,46.8,11/22/09,-26.13832,8.41151,215.0,N39A1,Biscoe,Anvers,121,FEMALE,Gentoo,"Adult, 1 Egg Stage",PAL0910
3400.0,Yes,,18.3,37.8,11/12/07,-25.09383,8.73762,174.0,N11A1,Biscoe,Anvers,21,FEMALE,Adelie,"Adult, 1 Egg Stage",PAL0708
4875.0,Yes,,14.0,47.5,11/25/09,-26.23613,8.12691,212.0,N14A1,Biscoe,Anvers,89,FEMALE,Gentoo,"Adult, 1 Egg Stage",PAL0910
3200.0,Yes,,17.7,39.7,11/15/09,-26.06203,9.02657,193.0,N60A1,Biscoe,Anvers,113,FEMALE,Adelie,"Adult, 1 Egg Stage",PAL0910
3550.0,Yes,,17.2,39.6,11/11/08,-26.55351,8.33524,196.0,N35A1,Torgersen,Anvers,73,FEMALE,Adelie,"Adult, 1 Egg Stage",PAL0809
4800.0,Yes,,14.5,46.2,11/27/07,-25.37899,7.84057,209.0,N40A1,Biscoe,Anvers,19,FEMALE,Gentoo,"Adult, 1 Egg Stage",PAL0708
5500.0,Yes,,15.8,53.4,11/10/09,-26.33867,8.41017,219.0,N28A2,Biscoe,Anvers,108,MALE,Gentoo,"Adult, 1 Egg Stage",PAL0910
5000.0,Yes,,15.6,46.4,11/3/08,-26.70783,8.35078,221.0,N54A2,Biscoe,Anvers,72,MALE,Gentoo,"Adult, 1 Egg Stage",PAL0809
3650.0,Yes,,17.0,45.7,11/19/09,-24.31912,9.26715,195.0,N98A1,Dream,Anvers,63,FEMALE,Chinstrap,"Adult, 1 Egg Stage",PAL0910
4950.0,Yes,,15.0,47.5,11/25/09,-26.08547,8.29671,218.0,N15A1,Biscoe,Anvers,91,FEMALE,Gentoo,"Adult, 1 Egg Stage",PAL0910
3100.0,Yes,,18.5,36.0,11/19/07,-25.03492,9.50772,186.0,N27A1,Dream,Anvers,43,FEMALE,Adelie,"Adult, 1 Egg Stage",PAL0708
4250.0,Yes,No blood sample obtained for sexing.,20.2,42.0,11/9/07,-25.09368,9.13362,190.0,N5A2,Torgersen,Anvers,10,,Adelie,"Adult, 1 Egg Stage",PAL0708
3350.0,Yes,,17.0,35.7,11/22/09,-23.90309,8.96436,189.0,N64A1,Torgersen,Anvers,119,FEMALE,Adelie,"Adult, 1 Egg Stage",PAL0910
4675.0,No,Nest never observed with full clutch.,19.6,39.2,11/15/07,-24.89958,9.4606,195.0,N4A2,Torgersen,Anvers,8,MALE,Adelie,"Adult, 1 Egg Stage",PAL0708
4200.0,Yes,,19.4,35.1,11/7/08,-26.46254,8.90002,193.0,N40A2,Torgersen,Anvers,84,MALE,Adelie,"Adult, 1 Egg Stage",PAL0809
3000.0,Yes,,16.8,37.3,11/16/09,-25.85203,9.06829,192.0,N82A1,Dream,Anvers,145,FEMALE,Adelie,"Adult, 1 Egg Stage",PAL0910
4400.0,Yes,,19.7,44.1,11/19/07,-24.52698,9.2372,196.0,N27A2,Dream,Anvers,44,MALE,Adelie,"Adult, 1 Egg Stage",PAL0708
4725.0,Yes,,13.8,47.3,12/1/09,-26.23886,8.25818,216.0,N24A1,Biscoe,Anvers,105,,Gentoo,"Adult, 1 Egg Stage",PAL0910
5750.0,Yes,,15.7,50.4,11/22/09,-26.04117,8.30166,222.0,N39A2,Biscoe,Anvers,122,MALE,Gentoo,"Adult, 1 Egg Stage",PAL0910
5100.0,Yes,,13.3,44.9,11/2/08,-26.89644,8.45167,213.0,N12A1,Biscoe,Anvers,49,FEMALE,Gentoo,"Adult, 1 Egg Stage",PAL0809
4075.0,Yes,,18.3,42.7,11/17/09,-26.42018,8.91434,196.0,N61A2,Biscoe,Anvers,116,MALE,Adelie,"Adult, 1 Egg Stage",PAL0910
3325.0,No,Nest never observed with full clutch.,17.9,38.5,11/23/09,-25.57956,8.9846,190.0,N73A1,Torgersen,Anvers,131,FEMALE,Adelie,"Adult, 1 Egg Stage",PAL0910
5550.0,Yes,,15.9,50.5,11/3/08,-26.60436,8.46894,222.0,N8A1,Biscoe,Anvers,45,MALE,Gentoo,"Adult, 1 Egg Stage",PAL0809
3600.0,Yes,,18.6,49.7,11/25/08,-24.31198,9.75486,195.0,N67A1,Dream,Anvers,35,MALE,Chinstrap,"Adult, 1 Egg Stage",PAL0809
5250.0,Yes,,16.5,51.1,11/18/09,-26.36863,8.2066,225.0,N21A2,Biscoe,Anvers,100,MALE,Gentoo,"Adult, 1 Egg Stage",PAL0910
4250.0,No,Nest never observed with full clutch.,17.9,39.7,11/16/09,-25.88798,9.25769,193.0,N79A2,Dream,Anvers,140,MALE,Adelie,"Adult, 1 Egg Stage",PAL0910
5650.0,Yes,,15.7,54.3,11/13/08,-26.84166,8.49662,231.0,N19A2,Biscoe,Anvers,64,MALE,Gentoo,"Adult, 1 Egg Stage",PAL0809
5100.0,Yes,,15.6,48.2,11/9/08,-26.66958,8.24651,221.0,N55A1,Biscoe,Anvers,73,MALE,Gentoo,"Adult, 1 Egg Stage",PAL0809
4900.0,Yes,,14.4,46.5,11/4/08,-26.83006,8.48789,217.0,N15A1,Biscoe,Anvers,55,FEMALE,Gentoo,"Adult, 1 Egg Stage",PAL0809
5550.0,Yes,,17.0,52.1,11/25/09,-26.11657,8.27595,230.0,N14A2,Biscoe,Anvers,90,MALE,Gentoo,"Adult, 1 Egg Stage",PAL0910
4850.0,Yes,,14.2,46.6,11/4/08,-26.86352,8.38289,210.0,N13A1,Biscoe,Anvers,51,FEMALE,Gentoo,"Adult, 1 Egg Stage",PAL0809
3600.0,Yes,,19.0,33.5,11/14/08,-26.63085,7.88863,190.0,N34A1,Torgersen,Anvers,71,FEMALE,Adelie,"Adult, 1 Egg Stage",PAL0809
3600.0,Yes,,18.8,38.9,11/8/08,-26.11199,8.36936,190.0,N44A2,Dream,Anvers,90,FEMALE,Adelie,"Adult, 1 Egg Stage",PAL0809
3050.0,No,Nest never observed with full clutch.,16.6,35.9,11/11/08,-26.07821,8.47781,190.0,N32A1,Torgersen,Anvers,69,FEMALE,Adelie,"Adult, 1 Egg Stage",PAL0809
4300.0,Yes,,19.6,49.0,11/27/09,-24.45189,9.34089,212.0,N87A2,Dream,Anvers,48,MALE,Chinstrap,"Adult, 1 Egg Stage",PAL0910
3300.0,No,Nest never observed with full clutch.,19.3,37.6,11/13/07,-25.04169,9.41131,181.0,N25A1,Dream,Anvers,39,FEMALE,Adelie,"Adult, 1 Egg Stage",PAL0708
4450.0,Yes,,18.1,39.6,11/5/08,-26.42406,8.49915,186.0,N46A2,Dream,Anvers,94,MALE,Adelie,"Adult, 1 Egg Stage",PAL0809
4250.0,Yes,,18.5,42.8,11/8/08,-26.38986,8.2993,195.0,N36A2,Torgersen,Anvers,76,MALE,Adelie,"Adult, 1 Egg Stage",PAL0809
3750.0,Yes,,18.2,51.3,11/28/07,-24.84059,8.63701,197.0,N66A2,Dream,Anvers,8,MALE,Chinstrap,"Adult, 1 Egg Stage",PAL0708
4050.0,Yes,,18.2,41.1,11/13/08,-26.60023,8.62264,192.0,N28A2,Biscoe,Anvers,64,MALE,Adelie,"Adult, 1 Egg Stage",PAL0809
3275.0,Yes,,17.6,38.8,11/21/09,-25.89741,8.88098,191.0,N71A1,Torgersen,Anvers,127,FEMALE,Adelie,"Adult, 1 Egg Stage",PAL0910
3700.0,Yes,No blood sample obtained.,17.3,37.8,11/9/07,,,180.0,N6A2,Torgersen,Anvers,12,,Adelie,"Adult, 1 Egg Stage",PAL0708
5400.0,Yes,,14.5,47.6,11/18/07,-25.54456,8.2345,215.0,N33A1,Biscoe,Anvers,5,MALE,Gentoo,"Adult, 1 Egg Stage",PAL0708
3750.0,Yes,,18.1,37.8,11/17/09,-26.03495,8.97533,193.0,N84A2,Dream,Anvers,150,MALE,Adelie,"Adult, 1 Egg Stage",PAL0910
4500.0,Yes,,13.2,46.1,11/27/07,-25.5139,7.993,211.0,N31A1,Biscoe,Anvers,1,FEMALE,Gentoo,"Adult, 1 Egg Stage",PAL0708
6000.0,Yes,,16.2,48.8,12/1/09,-25.88547,8.33825,222.0,N36A2,Biscoe,Anvers,118,MALE,Gentoo,"Adult, 1 Egg Stage",PAL0910
4450.0,Yes,,14.1,48.7,11/27/07,-25.46172,8.14705,210.0,N32A1,Biscoe,Anvers,3,FEMALE,Gentoo,"Adult, 1 Egg Stage",PAL0708
3550.0,Yes,,20.3,41.3,11/17/08,-26.09635,9.14863,194.0,N41A2,Dream,Anvers,86,MALE,Adelie,"Adult, 1 Egg Stage",PAL0809
5000.0,Yes,,15.0,50.1,11/4/08,-26.61414,8.50153,225.0,N14A2,Biscoe,Anvers,54,MALE,Gentoo,"Adult, 1 Egg Stage",PAL0809
4000.0,Yes,,19.0,40.6,11/18/09,-25.60826,9.22537,199.0,N69A2,Torgersen,Anvers,126,MALE,Adelie,"Adult, 1 Egg Stage",PAL0910
4200.0,Yes,,13.8,45.3,11/3/08,-26.79053,8.65015,208.0,N18A1,Biscoe,Anvers,61,FEMALE,Gentoo,"Adult, 1 Egg Stage",PAL0809
3400.0,Yes,,17.1,34.0,11/5/08,-26.69543,8.01485,185.0,N46A1,Dream,Anvers,93,FEMALE,Adelie,"Adult, 1 Egg Stage",PAL0809
5350.0,Yes,,15.7,48.7,11/9/08,-26.84506,8.14776,208.0,N5A2,Biscoe,Anvers,40,MALE,Gentoo,"Adult, 1 Egg Stage",PAL0809
5550.0,Yes,,15.3,50.0,11/29/07,-25.19017,8.30515,220.0,N47A2,Biscoe,Anvers,30,MALE,Gentoo,"Adult, 1 Egg Stage",PAL0708
3250.0,Yes,,18.0,40.3,11/16/07,-25.33302,8.36821,195.0,N2A1,Torgersen,Anvers,3,FEMALE,Adelie,"Adult, 1 Egg Stage",PAL0708
4700.0,Yes,,14.2,42.8,11/29/07,-25.46327,7.63452,209.0,N50A2,Biscoe,Anvers,32,FEMALE,Gentoo,"Adult, 1 Egg Stage",PAL0708
4975.0,Yes,,15.5,47.2,11/18/09,-26.21651,8.30817,215.0,N23A1,Biscoe,Anvers,103,FEMALE,Gentoo,"Adult, 1 Egg Stage",PAL0910
5000.0,Yes,,13.1,42.9,11/29/07,-25.39181,7.68528,215.0,N44A1,Biscoe,Anvers,25,FEMALE,Gentoo,"Adult, 1 Egg Stage",PAL0708
4625.0,Yes,,14.4,48.4,11/18/09,-26.13971,8.16582,203.0,N21A1,Biscoe,Anvers,99,FEMALE,Gentoo,"Adult, 1 Egg Stage",PAL0910
3450.0,Yes,,18.8,52.2,11/27/09,-24.56481,9.77528,197.0,N93A2,Dream,Anvers,56,MALE,Chinstrap,"Adult, 1 Egg Stage",PAL0910
2700.0,No,,16.6,46.9,11/24/08,-24.73735,9.80589,192.0,N72A1,Dream,Anvers,39,FEMALE,Chinstrap,"Adult, 1 Egg Stage",PAL0809
3450.0,Yes,,17.8,36.0,11/17/09,-25.79189,8.94332,195.0,N84A1,Dream,Anvers,149,FEMALE,Adelie,"Adult, 1 Egg Stage",PAL0910
4800.0,Yes,,20.7,52.0,11/14/08,-24.6844,9.43146,210.0,N69A2,Dream,Anvers,38,MALE,Chinstrap,"Adult, 1 Egg Stage",PAL0809
3425.0,Yes,Not enough blood for isotopes.,19.0,41.1,11/13/07,,,182.0,N29A1,Dream,Anvers,47,MALE,Adelie,"Adult, 1 Egg Stage",PAL0708
4550.0,Yes,,13.5,46.5,11/18/07,-25.32829,7.9953,210.0,N33A2,Biscoe,Anvers,6,FEMALE,Gentoo,"Adult, 1 Egg Stage",PAL0708
3800.0,Yes,,18.8,40.6,11/15/08,-25.98843,8.56674,193.0,N24A2,Biscoe,Anvers,58,MALE,Adelie,"Adult, 1 Egg Stage",PAL0809
5600.0,Yes,,17.0,55.9,11/22/09,-26.35425,8.3118,228.0,N22A2,Biscoe,Anvers,102,MALE,Gentoo,"Adult, 1 Egg Stage",PAL0910
5200.0,Yes,,14.8,45.2,11/22/09,-26.11969,8.24246,212.0,N43A1,Biscoe,Anvers,123,FEMALE,Gentoo,"Adult, 1 Egg Stage",PAL0910
3400.0,Yes,,17.1,40.2,11/14/09,-25.54976,9.2881,193.0,N80A1,Dream,Anvers,141,FEMALE,Adelie,"Adult, 1 Egg Stage",PAL0910
3200.0,Yes,,17.2,34.6,11/2/08,-26.5387,7.69778,189.0,N39A1,Torgersen,Anvers,81,FEMALE,Adelie,"Adult, 1 Egg Stage",PAL0809
3550.0,Yes,,18.5,42.2,11/16/07,-25.49523,8.04787,180.0,N24A2,Dream,Anvers,38,FEMALE,Adelie,"Adult, 1 Egg Stage",PAL0708
